"profilingId","localId","layerType","size","dynamicRuptureSize","rank","localRank"
1,0,"Copy",19,0,0,0
2,0,"Interior",143,25,0,0
4,1,"Copy",227,1,0,0
5,1,"Interior",1427,138,0,0
7,2,"Copy",254,0,0,0
8,2,"Interior",1999,0,0,0
10,3,"Copy",186,0,0,0
11,3,"Interior",2392,0,0,0
13,4,"Copy",13,0,0,0
14,4,"Interior",1859,0,0,0
16,5,"Copy",0,0,0,0
17,5,"Interior",473,0,0,0
1,0,"Copy",29,0,1,1
2,0,"Interior",278,56,1,1
4,1,"Copy",268,1,1,1
5,1,"Interior",2227,348,1,1
7,2,"Copy",187,0,1,1
8,2,"Interior",609,0,1,1
10,3,"Copy",20,0,1,1
11,3,"Interior",23,0,1,1
13,4,"Copy",0,0,1,1
14,4,"Interior",0,0,1,1
16,5,"Copy",0,0,1,1
17,5,"Interior",0,0,1,1
1,0,"Copy",22,0,2,2
2,0,"Interior",299,77,2,2
4,1,"Copy",194,0,2,2
5,1,"Interior",1562,228,2,2
7,2,"Copy",150,0,2,2
8,2,"Interior",528,0,2,2
10,3,"Copy",30,0,2,2
11,3,"Interior",26,0,2,2
13,4,"Copy",0,0,2,2
14,4,"Interior",0,0,2,2
16,5,"Copy",0,0,2,2
17,5,"Interior",0,0,2,2
1,0,"Copy",14,0,3,3
2,0,"Interior",202,42,3,3
4,1,"Copy",140,0,3,3
5,1,"Interior",1581,177,3,3
7,2,"Copy",162,0,3,3
8,2,"Interior",1350,0,3,3
10,3,"Copy",120,0,3,3
11,3,"Interior",266,0,3,3
13,4,"Copy",7,0,3,3
14,4,"Interior",1,0,3,3
16,5,"Copy",0,0,3,3
17,5,"Interior",0,0,3,3
