"time","variable","simulation_index","measurement"
0,"plastic_moment",0,0
0,"gravitational_potential_energy",0,0
0,"seismic_moment",0,0
0,"total_frictional_work",0,0
0,"static_frictional_work",0,0
0,"potency",0,0
0,"momentumX",0,0
0,"momentumY",0,0
0,"momentumZ",0,0
0,"acoustic_kinetic_energy",0,0
0,"acoustic_potential_energy",0,0
0,"elastic_kinetic_energy",0,0
0,"elastic_strain_energy",0,0
1,"plastic_moment",0,0
1,"gravitational_potential_energy",0,0
1,"seismic_moment",0,7.2664704196528883e+17
1,"total_frictional_work",0,866272352056119
1,"static_frictional_work",0,564520150468151.38
1,"potency",0,22680701.449007116
1,"momentumX",0,-0.029296875
1,"momentumY",0,0.0078125
1,"momentumZ",0,0.0068359375
1,"acoustic_kinetic_energy",0,0
1,"acoustic_potential_energy",0,0
1,"elastic_kinetic_energy",0,280481807494441.34
1,"elastic_strain_energy",0,587820713118211.5
2,"plastic_moment",0,0
2,"gravitational_potential_energy",0,0
2,"seismic_moment",0,4.8953877996891023e+18
2,"total_frictional_work",0,3339040491280001.5
2,"static_frictional_work",0,2262808468430809
2,"potency",0,152798845.58748978
2,"momentumX",0,-1.96875
2,"momentumY",0,6.625
2,"momentumZ",0,1.044921875
2,"acoustic_kinetic_energy",0,0
2,"acoustic_potential_energy",0,0
2,"elastic_kinetic_energy",0,642243580993664.38
2,"elastic_strain_energy",0,2701380513081685
