time,rank_0_hw_accumulated,rank_1_hw_accumulated,rank_2_hw_accumulated,rank_3_hw_accumulated,rank_0_hw_epoch,rank_1_hw_epoch,rank_2_hw_epoch,rank_3_hw_epoch,rank_0_nz_accumulated,rank_1_nz_accumulated,rank_2_nz_accumulated,rank_3_nz_accumulated,rank_0_nz_epoch,rank_1_nz_epoch,rank_2_nz_epoch,rank_3_nz_epoch,rank_0_kb_accumulated,rank_1_kb_accumulated,rank_2_kb_accumulated,rank_3_kb_accumulated,rank_0_kb_epoch,rank_1_kb_epoch,rank_2_kb_epoch,rank_3_kb_epoch,
0.225102,60.5304,61.8891,73.8255,59.9874,60.5304,61.8891,73.8255,59.9874,40.5271,41.4274,49.4053,40.1637,40.5271,41.4274,49.4053,40.1637,15.2728,15.7249,18.5928,15.1912,15.2728,15.7249,18.5928,15.1912,
0.581059,46.899,47.9441,57.1892,46.4691,38.2787,39.1277,46.6718,37.923,31.4004,32.0929,38.272,31.1127,25.6288,26.1914,31.2336,25.3908,11.8334,12.1817,14.403,11.7678,9.65838,9.94171,11.7542,9.60365,
0.794534,51.4472,52.5936,62.7352,50.9757,63.8271,65.249,77.8308,63.2422,34.4456,35.2052,41.9835,34.13,42.7343,43.6765,52.0857,42.3429,12.981,13.3631,15.7997,12.9091,16.1046,16.5785,19.6015,16.0154,
1.00211,54.3874,55.5982,66.3192,53.8878,65.6415,67.0979,80.0365,65.0333,36.4142,37.2164,44.382,36.0798,43.9491,44.9141,53.5619,43.5421,13.7229,14.1265,16.7024,13.6465,16.5624,17.0483,20.1571,16.469,
1.21129,56.2437,57.4951,68.5819,55.7263,65.1362,66.5819,79.4208,64.5329,37.657,38.4862,45.8962,37.3107,43.6108,44.5687,53.1498,43.2071,14.1912,14.6084,17.2722,14.1121,16.4349,16.917,20.002,16.3422,
1.43209,57.0868,58.3563,69.6092,56.561,61.7122,63.0807,75.2447,61.1401,38.2215,39.0627,46.5837,37.8696,41.3184,42.2251,50.3551,40.9355,14.4039,14.8272,17.531,14.3235,15.571,16.0276,18.9502,15.4831,
1.64473,57.9904,59.2797,70.7107,57.456,64.0755,65.4983,78.1286,63.4831,38.8265,39.6808,47.3209,38.4688,42.9007,43.8434,52.285,42.5042,14.6319,15.0619,17.8084,14.5501,16.1673,16.6419,19.6765,16.0764,
1.85834,58.6569,59.9608,71.5231,58.1161,63.7892,65.2048,77.7782,63.1986,39.2727,40.1367,47.8645,38.9108,42.709,43.6469,52.0506,42.3137,14.8001,15.2349,18.013,14.7173,16.0951,16.5673,19.5883,16.0044,
2.07722,59.0356,60.3478,71.9847,58.4911,62.2511,63.6335,75.9039,61.6752,39.5263,40.3957,48.1735,39.1619,41.6792,42.5951,50.7962,41.2937,14.8957,15.3332,18.1292,14.8122,15.707,16.1681,19.1163,15.6186,
2.29602,59.3441,60.6632,72.361,58.7968,62.273,63.6577,75.9331,61.6993,39.7329,40.6069,48.4253,39.3666,41.6938,42.6113,50.8158,41.3099,14.9735,15.4134,18.224,14.8897,15.7126,16.1744,19.1236,15.6248,
2.51748,59.536,60.8589,72.5943,58.9865,61.5247,62.887,75.0134,60.9521,39.8613,40.7378,48.5814,39.4935,41.1928,42.0954,50.2003,40.8096,15.0219,15.4631,18.2828,14.9377,15.5237,15.9784,18.892,15.4355,
2.73837,59.7093,61.036,72.8056,59.1581,61.6849,63.0546,75.2138,61.1145,39.9773,40.8564,48.7228,39.6085,41.3001,42.2076,50.3344,40.9183,15.0657,15.5081,18.336,14.9812,15.5641,16.021,18.9425,15.4766,
2.96773,59.686,61.0121,72.7771,59.1349,59.4083,60.7266,72.4362,58.8581,39.9618,40.8404,48.7037,39.5929,39.7758,40.6493,48.4756,39.4076,15.0598,15.502,18.3288,14.9753,14.9897,15.4295,18.2429,14.9052,
3.19245,59.7527,61.08,72.8582,59.2008,60.6324,61.9774,73.9287,60.0705,40.0064,40.8859,48.758,39.637,40.5954,41.4866,49.4744,40.2193,15.0766,15.5193,18.3492,14.992,15.2986,15.7473,18.6188,15.2122,
3.41772,59.8009,61.1292,72.9168,59.2485,60.4846,61.8264,73.7484,59.924,40.0387,40.9188,48.7972,39.6689,40.4964,41.3855,49.3537,40.1212,15.0888,15.5318,18.364,15.004,15.2613,15.7089,18.5734,15.1751,
3.64522,59.8066,61.1352,72.924,59.2542,59.8928,61.2251,73.0311,59.341,40.0425,40.9228,48.802,39.6728,40.1002,40.983,48.8737,39.7309,15.0902,15.5333,18.3658,15.0055,15.1119,15.5561,18.3928,15.0275,
3.8747,59.7812,61.1092,72.8929,59.229,59.3769,60.6954,72.3994,58.8282,40.0255,40.9054,48.7812,39.6559,39.7548,40.6284,48.451,39.3875,15.0838,15.5267,18.3579,14.9991,14.9818,15.4216,18.2337,14.8976,
4.10753,59.7097,61.036,72.8056,59.1581,58.5201,59.8187,71.3535,57.9781,39.9776,40.8564,48.7228,39.6084,39.1812,40.0416,47.751,38.8184,15.0658,15.5081,18.336,14.9812,14.7656,15.1988,17.9702,14.6823,
4.34304,59.6092,60.9333,72.6831,59.0586,57.8555,59.142,70.5465,57.3225,39.9103,40.7877,48.6408,39.5418,38.7361,39.5886,47.211,38.3794,15.0404,15.482,18.3051,14.9559,14.5979,15.0267,17.767,14.5162,
4.61474,59.0522,60.3637,72.0037,58.5065,50.149,51.2593,61.1439,49.6821,39.5374,40.4064,48.1862,39.1722,33.5764,34.312,40.9186,33.2639,14.8998,15.3373,18.134,14.8161,12.6534,13.024,15.399,12.5815,
