"variable","norm","simulation_index","error"
0,"L1",0,212633735430611.81
0,"L2",0,142868193.10829797
0,"LInf",0,1196.5283231842338
0,"L1_rel",0,10931305.887792537
0,"L2_rel",0,25205.361510172821
0,"LInf_rel",0,267.80349708308086
1,"L1",0,189789928810872.94
1,"L2",0,132007408.22975138
1,"LInf",0,1285.7678382165548
1,"L1_rel",0,96837845.683448568
1,"L2_rel",0,97214.74788046199
1,"LInf_rel",0,332.20992125715577
2,"L1",0,243266358336368.38
2,"L2",0,172543308.71828642
2,"LInf",0,979.53111359983063
2,"L1_rel",0,8913693.4203704931
2,"L2_rel",0,17785.353307038589
2,"LInf_rel",0,63.15655748181841
3,"L1",0,106599443978614.78
3,"L2",0,74467170.010372877
3,"LInf",0,643.67972980630475
3,"L1_rel",0,inf
3,"L2_rel",0,inf
3,"LInf_rel",0,inf
4,"L1",0,135417790164317.88
4,"L2",0,99295273.866594866
4,"LInf",0,550.5926429669729
4,"L1_rel",0,inf
4,"L2_rel",0,inf
4,"LInf_rel",0,inf
5,"L1",0,152352484994905.31
5,"L2",0,104381681.64536178
5,"LInf",0,506.72191836820303
5,"L1_rel",0,6340758.0726453839
5,"L2_rel",0,12742.775036042893
5,"LInf_rel",0,45.776345296848454
6,"L1",0,28471010.144012112
6,"L2",0,2306.51882357328
6,"LInf",0,1.8694510000892128
6,"L1_rel",0,3.7403419650079033
6,"L2_rel",0,1.0000158987394585
6,"LInf_rel",0,1.0000008797455384
7,"L1",0,14758285.408287402
7,"L2",0,11.756824854975502
7,"LInf",0,0.00010538458359724523
7,"L1_rel",0,inf
7,"L2_rel",0,inf
7,"LInf_rel",0,inf
8,"L1",0,41674345.097788021
8,"L2",0,5364.4845318316848
8,"LInf",0,10.303654484499692
8,"L1_rel",0,3.0232880947745193
8,"L2_rel",0,1.0000090424111965
8,"LInf_rel",0,0.99999490690230408
